image_medium,image_original
https://static.tvmaze.com/uploads/images/medium_landscape/360/901425.jpg,https://static.tvmaze.com/uploads/images/original_untouched/360/901425.jpg
https://static.tvmaze.com/uploads/images/medium_landscape/322/807322.jpg,https://static.tvmaze.com/uploads/images/original_untouched/322/807322.jpg
https://static.tvmaze.com/uploads/images/medium_landscape/292/731145.jpg,https://static.tvmaze.com/uploads/images/original_untouched/292/731145.jpg
https://static.tvmaze.com/uploads/images/medium_landscape/291/728334.jpg,https://static.tvmaze.com/uploads/images/original_untouched/291/728334.jpg
https://static.tvmaze.com/uploads/images/medium_landscape/294/735209.jpg,https://static.tvmaze.com/uploads/images/original_untouched/294/735209.jpg
https://static.tvmaze.com/uploads/images/medium_landscape/292/731116.jpg,https://static.tvmaze.com/uploads/images/original_untouched/292/731116.jpg
https://static.tvmaze.com/uploads/images/medium_landscape/293/734753.jpg,https://static.tvmaze.com/uploads/images/original_untouched/293/734753.jpg
https://static.tvmaze.com/uploads/images/medium_landscape/291/728295.jpg,https://static.tvmaze.com/uploads/images/original_untouched/291/728295.jpg
https://static.tvmaze.com/uploads/images/medium_landscape/291/728220.jpg,https://static.tvmaze.com/uploads/images/original_untouched/291/728220.jpg
https://static.tvmaze.com/uploads/images/medium_landscape/291/728221.jpg,https://static.tvmaze.com/uploads/images/original_untouched/291/728221.jpg
https://static.tvmaze.com/uploads/images/medium_landscape/291/728222.jpg,https://static.tvmaze.com/uploads/images/original_untouched/291/728222.jpg
https://static.tvmaze.com/uploads/images/medium_landscape/291/728223.jpg,https://static.tvmaze.com/uploads/images/original_untouched/291/728223.jpg
https://static.tvmaze.com/uploads/images/medium_landscape/291/728224.jpg,https://static.tvmaze.com/uploads/images/original_untouched/291/728224.jpg
https://static.tvmaze.com/uploads/images/medium_landscape/291/728225.jpg,https://static.tvmaze.com/uploads/images/original_untouched/291/728225.jpg
https://static.tvmaze.com/uploads/images/medium_landscape/291/728213.jpg,https://static.tvmaze.com/uploads/images/original_untouched/291/728213.jpg
https://static.tvmaze.com/uploads/images/medium_landscape/291/728214.jpg,https://static.tvmaze.com/uploads/images/original_untouched/291/728214.jpg
https://static.tvmaze.com/uploads/images/medium_landscape/291/728215.jpg,https://static.tvmaze.com/uploads/images/original_untouched/291/728215.jpg
https://static.tvmaze.com/uploads/images/medium_landscape/291/728216.jpg,https://static.tvmaze.com/uploads/images/original_untouched/291/728216.jpg
https://static.tvmaze.com/uploads/images/medium_landscape/291/728217.jpg,https://static.tvmaze.com/uploads/images/original_untouched/291/728217.jpg
https://static.tvmaze.com/uploads/images/medium_landscape/291/728218.jpg,https://static.tvmaze.com/uploads/images/original_untouched/291/728218.jpg
https://static.tvmaze.com/uploads/images/medium_landscape/341/854104.jpg,https://static.tvmaze.com/uploads/images/original_untouched/341/854104.jpg
https://static.tvmaze.com/uploads/images/medium_landscape/294/736402.jpg,https://static.tvmaze.com/uploads/images/original_untouched/294/736402.jpg
https://static.tvmaze.com/uploads/images/medium_landscape/291/728808.jpg,https://static.tvmaze.com/uploads/images/original_untouched/291/728808.jpg
https://static.tvmaze.com/uploads/images/medium_landscape/291/728568.jpg,https://static.tvmaze.com/uploads/images/original_untouched/291/728568.jpg
https://static.tvmaze.com/uploads/images/medium_landscape/291/728431.jpg,https://static.tvmaze.com/uploads/images/original_untouched/291/728431.jpg
https://static.tvmaze.com/uploads/images/medium_landscape/291/728228.jpg,https://static.tvmaze.com/uploads/images/original_untouched/291/728228.jpg
https://static.tvmaze.com/uploads/images/medium_landscape/291/728229.jpg,https://static.tvmaze.com/uploads/images/original_untouched/291/728229.jpg
https://static.tvmaze.com/uploads/images/medium_landscape/291/728230.jpg,https://static.tvmaze.com/uploads/images/original_untouched/291/728230.jpg
https://static.tvmaze.com/uploads/images/medium_landscape/291/728231.jpg,https://static.tvmaze.com/uploads/images/original_untouched/291/728231.jpg
https://static.tvmaze.com/uploads/images/medium_landscape/291/728232.jpg,https://static.tvmaze.com/uploads/images/original_untouched/291/728232.jpg
https://static.tvmaze.com/uploads/images/medium_landscape/291/728233.jpg,https://static.tvmaze.com/uploads/images/original_untouched/291/728233.jpg
https://static.tvmaze.com/uploads/images/medium_landscape/291/728234.jpg,https://static.tvmaze.com/uploads/images/original_untouched/291/728234.jpg
https://static.tvmaze.com/uploads/images/medium_landscape/291/728235.jpg,https://static.tvmaze.com/uploads/images/original_untouched/291/728235.jpg
https://static.tvmaze.com/uploads/images/medium_landscape/291/728236.jpg,https://static.tvmaze.com/uploads/images/original_untouched/291/728236.jpg
https://static.tvmaze.com/uploads/images/medium_landscape/291/728237.jpg,https://static.tvmaze.com/uploads/images/original_untouched/291/728237.jpg
https://static.tvmaze.com/uploads/images/medium_landscape/291/728238.jpg,https://static.tvmaze.com/uploads/images/original_untouched/291/728238.jpg
https://static.tvmaze.com/uploads/images/medium_landscape/291/728239.jpg,https://static.tvmaze.com/uploads/images/original_untouched/291/728239.jpg
https://static.tvmaze.com/uploads/images/medium_landscape/291/728240.jpg,https://static.tvmaze.com/uploads/images/original_untouched/291/728240.jpg
https://static.tvmaze.com/uploads/images/medium_landscape/311/778160.jpg,https://static.tvmaze.com/uploads/images/original_untouched/311/778160.jpg
https://static.tvmaze.com/uploads/images/medium_landscape/317/794076.jpg,https://static.tvmaze.com/uploads/images/original_untouched/317/794076.jpg
https://static.tvmaze.com/uploads/images/medium_landscape/291/727578.jpg,https://static.tvmaze.com/uploads/images/original_untouched/291/727578.jpg
https://static.tvmaze.com/uploads/images/medium_landscape/396/990565.jpg,https://static.tvmaze.com/uploads/images/original_untouched/396/990565.jpg
https://static.tvmaze.com/uploads/images/medium_landscape/292/732081.jpg,https://static.tvmaze.com/uploads/images/original_untouched/292/732081.jpg
