_embedded_show_image_medium,_embedded_show_image_original
https://static.tvmaze.com/uploads/images/medium_portrait/289/722910.jpg,https://static.tvmaze.com/uploads/images/original_untouched/289/722910.jpg
https://static.tvmaze.com/uploads/images/medium_portrait/285/713049.jpg,https://static.tvmaze.com/uploads/images/original_untouched/285/713049.jpg
https://static.tvmaze.com/uploads/images/medium_portrait/287/718741.jpg,https://static.tvmaze.com/uploads/images/original_untouched/287/718741.jpg
https://static.tvmaze.com/uploads/images/medium_portrait/287/718741.jpg,https://static.tvmaze.com/uploads/images/original_untouched/287/718741.jpg
https://static.tvmaze.com/uploads/images/medium_portrait/320/800829.jpg,https://static.tvmaze.com/uploads/images/original_untouched/320/800829.jpg
https://static.tvmaze.com/uploads/images/medium_portrait/394/985825.jpg,https://static.tvmaze.com/uploads/images/original_untouched/394/985825.jpg
https://static.tvmaze.com/uploads/images/medium_portrait/189/473411.jpg,https://static.tvmaze.com/uploads/images/original_untouched/189/473411.jpg
https://static.tvmaze.com/uploads/images/medium_portrait/189/473411.jpg,https://static.tvmaze.com/uploads/images/original_untouched/189/473411.jpg
https://static.tvmaze.com/uploads/images/medium_portrait/291/729467.jpg,https://static.tvmaze.com/uploads/images/original_untouched/291/729467.jpg
https://static.tvmaze.com/uploads/images/medium_portrait/291/729467.jpg,https://static.tvmaze.com/uploads/images/original_untouched/291/729467.jpg
https://static.tvmaze.com/uploads/images/medium_portrait/292/731348.jpg,https://static.tvmaze.com/uploads/images/original_untouched/292/731348.jpg
https://static.tvmaze.com/uploads/images/medium_portrait/304/762299.jpg,https://static.tvmaze.com/uploads/images/original_untouched/304/762299.jpg
https://static.tvmaze.com/uploads/images/medium_portrait/291/728297.jpg,https://static.tvmaze.com/uploads/images/original_untouched/291/728297.jpg
https://static.tvmaze.com/uploads/images/medium_portrait/282/706333.jpg,https://static.tvmaze.com/uploads/images/original_untouched/282/706333.jpg
https://static.tvmaze.com/uploads/images/medium_portrait/296/740635.jpg,https://static.tvmaze.com/uploads/images/original_untouched/296/740635.jpg
https://static.tvmaze.com/uploads/images/medium_portrait/350/877136.jpg,https://static.tvmaze.com/uploads/images/original_untouched/350/877136.jpg
https://static.tvmaze.com/uploads/images/medium_portrait/350/877136.jpg,https://static.tvmaze.com/uploads/images/original_untouched/350/877136.jpg
https://static.tvmaze.com/uploads/images/medium_portrait/23/59239.jpg,https://static.tvmaze.com/uploads/images/original_untouched/23/59239.jpg
https://static.tvmaze.com/uploads/images/medium_portrait/51/129595.jpg,https://static.tvmaze.com/uploads/images/original_untouched/51/129595.jpg
https://static.tvmaze.com/uploads/images/medium_portrait/51/129595.jpg,https://static.tvmaze.com/uploads/images/original_untouched/51/129595.jpg
https://static.tvmaze.com/uploads/images/medium_portrait/121/302950.jpg,https://static.tvmaze.com/uploads/images/original_untouched/121/302950.jpg
https://static.tvmaze.com/uploads/images/medium_portrait/299/748391.jpg,https://static.tvmaze.com/uploads/images/original_untouched/299/748391.jpg
https://static.tvmaze.com/uploads/images/medium_portrait/205/513177.jpg,https://static.tvmaze.com/uploads/images/original_untouched/205/513177.jpg
https://static.tvmaze.com/uploads/images/medium_portrait/288/722357.jpg,https://static.tvmaze.com/uploads/images/original_untouched/288/722357.jpg
https://static.tvmaze.com/uploads/images/medium_portrait/245/613572.jpg,https://static.tvmaze.com/uploads/images/original_untouched/245/613572.jpg
https://static.tvmaze.com/uploads/images/medium_portrait/283/708541.jpg,https://static.tvmaze.com/uploads/images/original_untouched/283/708541.jpg
https://static.tvmaze.com/uploads/images/medium_portrait/383/957789.jpg,https://static.tvmaze.com/uploads/images/original_untouched/383/957789.jpg
https://static.tvmaze.com/uploads/images/medium_portrait/285/713040.jpg,https://static.tvmaze.com/uploads/images/original_untouched/285/713040.jpg
https://static.tvmaze.com/uploads/images/medium_portrait/285/713040.jpg,https://static.tvmaze.com/uploads/images/original_untouched/285/713040.jpg
https://static.tvmaze.com/uploads/images/medium_portrait/286/716035.jpg,https://static.tvmaze.com/uploads/images/original_untouched/286/716035.jpg
https://static.tvmaze.com/uploads/images/medium_portrait/289/723058.jpg,https://static.tvmaze.com/uploads/images/original_untouched/289/723058.jpg
https://static.tvmaze.com/uploads/images/medium_portrait/289/723058.jpg,https://static.tvmaze.com/uploads/images/original_untouched/289/723058.jpg
https://static.tvmaze.com/uploads/images/medium_portrait/289/723058.jpg,https://static.tvmaze.com/uploads/images/original_untouched/289/723058.jpg
https://static.tvmaze.com/uploads/images/medium_portrait/289/723058.jpg,https://static.tvmaze.com/uploads/images/original_untouched/289/723058.jpg
https://static.tvmaze.com/uploads/images/medium_portrait/289/723058.jpg,https://static.tvmaze.com/uploads/images/original_untouched/289/723058.jpg
https://static.tvmaze.com/uploads/images/medium_portrait/289/723488.jpg,https://static.tvmaze.com/uploads/images/original_untouched/289/723488.jpg
https://static.tvmaze.com/uploads/images/medium_portrait/289/723488.jpg,https://static.tvmaze.com/uploads/images/original_untouched/289/723488.jpg
https://static.tvmaze.com/uploads/images/medium_portrait/290/725464.jpg,https://static.tvmaze.com/uploads/images/original_untouched/290/725464.jpg
https://static.tvmaze.com/uploads/images/medium_portrait/290/727385.jpg,https://static.tvmaze.com/uploads/images/original_untouched/290/727385.jpg
https://static.tvmaze.com/uploads/images/medium_portrait/290/727385.jpg,https://static.tvmaze.com/uploads/images/original_untouched/290/727385.jpg
https://static.tvmaze.com/uploads/images/medium_portrait/290/727385.jpg,https://static.tvmaze.com/uploads/images/original_untouched/290/727385.jpg
https://static.tvmaze.com/uploads/images/medium_portrait/290/727385.jpg,https://static.tvmaze.com/uploads/images/original_untouched/290/727385.jpg
https://static.tvmaze.com/uploads/images/medium_portrait/291/727817.jpg,https://static.tvmaze.com/uploads/images/original_untouched/291/727817.jpg
https://static.tvmaze.com/uploads/images/medium_portrait/291/727817.jpg,https://static.tvmaze.com/uploads/images/original_untouched/291/727817.jpg
https://static.tvmaze.com/uploads/images/medium_portrait/291/727817.jpg,https://static.tvmaze.com/uploads/images/original_untouched/291/727817.jpg
https://static.tvmaze.com/uploads/images/medium_portrait/291/727817.jpg,https://static.tvmaze.com/uploads/images/original_untouched/291/727817.jpg
https://static.tvmaze.com/uploads/images/medium_portrait/291/727817.jpg,https://static.tvmaze.com/uploads/images/original_untouched/291/727817.jpg
https://static.tvmaze.com/uploads/images/medium_portrait/291/727817.jpg,https://static.tvmaze.com/uploads/images/original_untouched/291/727817.jpg
https://static.tvmaze.com/uploads/images/medium_portrait/291/727817.jpg,https://static.tvmaze.com/uploads/images/original_untouched/291/727817.jpg
https://static.tvmaze.com/uploads/images/medium_portrait/291/727817.jpg,https://static.tvmaze.com/uploads/images/original_untouched/291/727817.jpg
https://static.tvmaze.com/uploads/images/medium_portrait/291/729461.jpg,https://static.tvmaze.com/uploads/images/original_untouched/291/729461.jpg
https://static.tvmaze.com/uploads/images/medium_portrait/291/729461.jpg,https://static.tvmaze.com/uploads/images/original_untouched/291/729461.jpg
https://static.tvmaze.com/uploads/images/medium_portrait/292/731984.jpg,https://static.tvmaze.com/uploads/images/original_untouched/292/731984.jpg
https://static.tvmaze.com/uploads/images/medium_portrait/292/731984.jpg,https://static.tvmaze.com/uploads/images/original_untouched/292/731984.jpg
https://static.tvmaze.com/uploads/images/medium_portrait/296/742440.jpg,https://static.tvmaze.com/uploads/images/original_untouched/296/742440.jpg
https://static.tvmaze.com/uploads/images/medium_portrait/297/743345.jpg,https://static.tvmaze.com/uploads/images/original_untouched/297/743345.jpg
https://static.tvmaze.com/uploads/images/medium_portrait/308/771760.jpg,https://static.tvmaze.com/uploads/images/original_untouched/308/771760.jpg
https://static.tvmaze.com/uploads/images/medium_portrait/367/917771.jpg,https://static.tvmaze.com/uploads/images/original_untouched/367/917771.jpg
https://static.tvmaze.com/uploads/images/medium_portrait/367/919640.jpg,https://static.tvmaze.com/uploads/images/original_untouched/367/919640.jpg
https://static.tvmaze.com/uploads/images/medium_portrait/370/926754.jpg,https://static.tvmaze.com/uploads/images/original_untouched/370/926754.jpg
https://static.tvmaze.com/uploads/images/medium_portrait/384/961633.jpg,https://static.tvmaze.com/uploads/images/original_untouched/384/961633.jpg
https://static.tvmaze.com/uploads/images/medium_portrait/398/996514.jpg,https://static.tvmaze.com/uploads/images/original_untouched/398/996514.jpg
https://static.tvmaze.com/uploads/images/medium_portrait/406/1015108.jpg,https://static.tvmaze.com/uploads/images/original_untouched/406/1015108.jpg
https://static.tvmaze.com/uploads/images/medium_portrait/286/716978.jpg,https://static.tvmaze.com/uploads/images/original_untouched/286/716978.jpg
https://static.tvmaze.com/uploads/images/medium_portrait/297/744398.jpg,https://static.tvmaze.com/uploads/images/original_untouched/297/744398.jpg
https://static.tvmaze.com/uploads/images/medium_portrait/23/59538.jpg,https://static.tvmaze.com/uploads/images/original_untouched/23/59538.jpg
https://static.tvmaze.com/uploads/images/medium_portrait/23/59540.jpg,https://static.tvmaze.com/uploads/images/original_untouched/23/59540.jpg
https://static.tvmaze.com/uploads/images/medium_portrait/297/744212.jpg,https://static.tvmaze.com/uploads/images/original_untouched/297/744212.jpg
https://static.tvmaze.com/uploads/images/medium_portrait/353/884726.jpg,https://static.tvmaze.com/uploads/images/original_untouched/353/884726.jpg
https://static.tvmaze.com/uploads/images/medium_portrait/332/830481.jpg,https://static.tvmaze.com/uploads/images/original_untouched/332/830481.jpg
https://static.tvmaze.com/uploads/images/medium_portrait/291/728610.jpg,https://static.tvmaze.com/uploads/images/original_untouched/291/728610.jpg
https://static.tvmaze.com/uploads/images/medium_portrait/291/728610.jpg,https://static.tvmaze.com/uploads/images/original_untouched/291/728610.jpg
https://static.tvmaze.com/uploads/images/medium_portrait/291/728610.jpg,https://static.tvmaze.com/uploads/images/original_untouched/291/728610.jpg
https://static.tvmaze.com/uploads/images/medium_portrait/291/728610.jpg,https://static.tvmaze.com/uploads/images/original_untouched/291/728610.jpg
https://static.tvmaze.com/uploads/images/medium_portrait/291/728610.jpg,https://static.tvmaze.com/uploads/images/original_untouched/291/728610.jpg
https://static.tvmaze.com/uploads/images/medium_portrait/291/728610.jpg,https://static.tvmaze.com/uploads/images/original_untouched/291/728610.jpg
https://static.tvmaze.com/uploads/images/medium_portrait/291/728610.jpg,https://static.tvmaze.com/uploads/images/original_untouched/291/728610.jpg
https://static.tvmaze.com/uploads/images/medium_portrait/291/728610.jpg,https://static.tvmaze.com/uploads/images/original_untouched/291/728610.jpg
https://static.tvmaze.com/uploads/images/medium_portrait/291/728610.jpg,https://static.tvmaze.com/uploads/images/original_untouched/291/728610.jpg
https://static.tvmaze.com/uploads/images/medium_portrait/291/728610.jpg,https://static.tvmaze.com/uploads/images/original_untouched/291/728610.jpg
https://static.tvmaze.com/uploads/images/medium_portrait/357/892591.jpg,https://static.tvmaze.com/uploads/images/original_untouched/357/892591.jpg
https://static.tvmaze.com/uploads/images/medium_portrait/396/991129.jpg,https://static.tvmaze.com/uploads/images/original_untouched/396/991129.jpg
https://static.tvmaze.com/uploads/images/medium_portrait/350/876606.jpg,https://static.tvmaze.com/uploads/images/original_untouched/350/876606.jpg
