_embedded_show_webChannel_id,_embedded_show_webChannel_name,_embedded_show_webChannel_officialSite
122,V LIVE,https://www.vlive.tv/home
281,Premier,
281,Premier,
245,Start,
381,КиноПоиск HD,
381,КиноПоиск HD,
246,more.tv,
281,Premier,
281,Premier,
337,ivi,
51,Bilibili,
114,wavve,https://www.wavve.com/
114,wavve,https://www.wavve.com/
112,Pikicast,https://www.pikicast.com/
118,Youku,
118,Youku,
118,Youku,
118,Youku,
118,Youku,
118,Youku,
365,iflix,
104,Tencent QQ,https://v.qq.com/
118,Youku,
118,Youku,
104,Tencent QQ,https://v.qq.com/
226,Mango TV,https://w.mgtv.com/
226,Mango TV,https://w.mgtv.com/
88,LINE TV,https://www.linetv.tw/
238,NRK TV,
99,Rutube,
452,Aitube.kz,
21,YouTube,https://www.youtube.com
294,Kakao TV,https://tv.kakao.com/top
208,VK.com,
409,beIN CONNECT,
409,beIN CONNECT,
409,beIN CONNECT,
222,BluTV,
30,Naver TVCast,https://tv.naver.com/
30,Naver TVCast,https://tv.naver.com/
379,Shahid,
327,TV 2 Play,
327,TV 2 Play,
12,Videoland,https://www.videoland.com/
368,RTL+,
368,RTL+,
368,RTL+,
368,RTL+,
107,Paramount+,https://www.paramountplus.com/
304,twitch,
21,YouTube,https://www.youtube.com
21,YouTube,https://www.youtube.com
3,Prime Video,https://www.primevideo.com
21,YouTube,https://www.youtube.com
21,YouTube,https://www.youtube.com
107,Paramount+,https://www.paramountplus.com/
21,YouTube,https://www.youtube.com
21,YouTube,https://www.youtube.com
329,HBO Max,https://www.hbomax.com/
21,YouTube,https://www.youtube.com
21,YouTube,https://www.youtube.com
88,LINE TV,https://www.linetv.tw/
21,YouTube,https://www.youtube.com
21,YouTube,https://www.youtube.com
173,discovery+,https://www.discoveryplus.com/
237,VICE Video,
173,discovery+,https://www.discoveryplus.com/
104,Tencent QQ,https://v.qq.com/
104,Tencent QQ,https://v.qq.com/
104,Tencent QQ,https://v.qq.com/
104,Tencent QQ,https://v.qq.com/
1,Netflix,https://www.netflix.com/
1,Netflix,https://www.netflix.com/
1,Netflix,https://www.netflix.com/
1,Netflix,https://www.netflix.com/
21,YouTube,https://www.youtube.com
379,Shahid,
67,iQIYI,https://www.iq.com/
67,iQIYI,https://www.iq.com/
67,iQIYI,https://www.iq.com/
67,iQIYI,https://www.iq.com/
21,YouTube,https://www.youtube.com
21,YouTube,https://www.youtube.com
21,YouTube,https://www.youtube.com
498,Viddsee,
516,Tastemade,
21,YouTube,https://www.youtube.com
21,YouTube,https://www.youtube.com
21,YouTube,https://www.youtube.com
104,Tencent QQ,https://v.qq.com/
104,Tencent QQ,https://v.qq.com/
329,HBO Max,https://www.hbomax.com/
131,Globoplay,
131,Globoplay,
107,Paramount+,https://www.paramountplus.com/
15,WWE Network,
329,HBO Max,https://www.hbomax.com/
329,HBO Max,https://www.hbomax.com/
329,HBO Max,https://www.hbomax.com/
303,bon appétit video,
329,HBO Max,https://www.hbomax.com/
351,BET+,
107,Paramount+,https://www.paramountplus.com/
209,ALLBLK,
209,ALLBLK,
352,ZDFmediathek,
15,WWE Network,
45,UFC Fight Pass,
209,ALLBLK,
